{"Epoch": 50, "train_loss": 2608.2042451746324, "train_acc": 0.9958639705882353, "_timestamp": 1681978472.930278, "_runtime": 69.40670394897461, "_step": 999, "test_loss": 2608.49560546875, "test_acc": 0.9402901828289032, "_wandb": {"runtime": 68}}