{"Epoch": 48, "train_loss": 563.0484349867877, "train_acc": 0.8360906856901505, "_timestamp": 1682043096.1070426, "_runtime": 50.03172564506531, "_step": 295, "test_loss": 563.1339416503906, "test_acc": 0.7825520783662796, "_wandb": {"runtime": 49}}