{"Epoch": 50, "train_loss": 0.03192849115681978, "train_acc": 0.9914981617647058, "_timestamp": 1682040340.8911355, "_runtime": 148.1929874420166, "_step": 999, "test_loss": 1.6178095638751984, "test_acc": 0.888671875, "_wandb": {"runtime": 147}}