{"Epoch": 39, "train_loss": 10.11048200083714, "train_acc": 0.9770986519607843, "_timestamp": 1682351736.067203, "_runtime": 42.30320715904236, "_step": 77, "test_loss": 11.13083585103353, "test_acc": 0.8645833333333334, "_wandb": {"runtime": 42}}