{"Epoch": 50, "loss": 489.09387969970703, "acc": 0.8352864533662796, "_timestamp": 1681978118.956465, "_runtime": 130.33217191696167, "_step": 999, "_wandb": {"runtime": 129}}