{"Epoch": 50, "train_loss": 487.00475984461167, "train_acc": 0.8759957113686729, "_timestamp": 1681978290.6169007, "_runtime": 131.03323769569397, "_step": 999, "test_loss": 487.0722885131836, "test_acc": 0.83984375, "_wandb": {"runtime": 130}}