{"Epoch": 50, "train_loss": 0.02040548079568515, "train_acc": 0.9934895833333334, "_timestamp": 1682351401.2213683, "_runtime": 432.95775532722473, "_step": 999, "test_loss": 0.9605299644172192, "test_acc": 0.8880208333333334, "_wandb": {"runtime": 432}}