{"Epoch": 14, "train_loss": 929.5771298875995, "train_acc": 0.8133425245098039, "_timestamp": 1682351774.9223557, "_runtime": 24.14639163017273, "_step": 27, "test_loss": 929.6718597412109, "test_acc": 0.798828125, "_wandb": {"runtime": 23}}