{"Epoch": 8, "train_loss": 0.3363434524804938, "train_acc": 0.9307598039215687, "_timestamp": 1682351659.5077906, "_runtime": 61.430076599121094, "_step": 115, "test_loss": 1.57733520368735, "test_acc": 0.833984375, "_wandb": {"runtime": 60}}