{"Epoch": 21, "train_loss": 3468.3797822840074, "train_acc": 0.9471507352941176, "_timestamp": 1682042950.2193954, "_runtime": 12.987910509109497, "_step": 41, "test_loss": 3468.9898071289062, "test_acc": 0.869140625, "_wandb": {"runtime": 12}}