{"Epoch": 50, "train_loss": 10.634939880932079, "train_acc": 0.6441865808823529, "_timestamp": 1681979311.4801524, "_runtime": 251.64848232269287, "_step": 999, "test_loss": 10.63679325580597, "test_acc": 0.6181640625, "_wandb": {"runtime": 251}}