{"Epoch": 50, "train_loss": 37.325156903734396, "train_acc": 0.9894301470588235, "_timestamp": 1682352251.3650918, "_runtime": 455.4217166900635, "_step": 999, "test_loss": 38.098204930623375, "test_acc": 0.8841145833333334, "_wandb": {"runtime": 454}}